memorial_id,prefix,first_name,middle_name,maiden_name,last_name,suffix,is_vet,birth_day,birth_month,birth_year,death_day,death_month,death_year,section,lot
1002162,,Alice,,,Adams,,,,,1924,,,1956,,
1002163,,Brenda,C,,Adams,,,,,1967,,,2020,,
1002164,,Julia,Mae,,Allen,,,,,1928,,,1993,,
1002165,,Rosa,M,,Anderson,,,,,1937,,,1998,,
1002166,,Daisy,,Geter,Atterberry,,,2,Nov,1902,20,May,1985,,
1002167,,Fred,,,Atterberry,Jr.,,,,,6,Feb,2012,,
1002168,,Fred,Lee,,Atterberry,Sr.,,7,Nov,1932,26,May,2006,,
1002169,,Lloyd,,,Atterberry,,,18,Mar,1943,23,Dec,2015,,
1002170,,Sctiro,,Hutto,Banks,,,17,Aug,1922,17,Aug,2006,,
1002171,,Issiac,,,Bennett,Sr.,,,,1918,,,1993,,
1002172,,Lemuel,,,Bennett,,,,,1888,,,1966,,
1002173,,Lizzie,,,Bennett,,,,,1892,,,1989,,
1002174,,Ruth,,,Bennett,,,,,,,,,,
1002175,,Stephen,,,Bennett,,,25,Nov,1923,9,Apr,1987,,
1002176,,David,,,Bryant,Sr.,,,,,,,,,
1002177,,Rosazena,,,Bryant,,,,,,,,,,
1002178,,Dasiy,Mae,,Burton,,,,,1935,,,2017,,
1002179,,Nancy,,Hutto,Carter,,,6,Dec,1916,7,Feb,1982,,
1002180,,Mary,,,Clanton,,,,,1929,,,2010,,
1002181,,Raymond,,,Clanton,,,,,1930,,,2006,,
1002182,,Bea,D,,Clayton,,,6,Jun,1923,25,Nov,1953,,
1002183,,Isaac,David,,Clifton,,,23,Apr,1927,11,Oct,2009,,
1002184,,Rogenia,,Edwards,Cohen,,,,,1921,14,Mar,1949,,
1002185,,Florrie,,Wroten,Crawford,,,2,Feb,1883,3,Jul,1953,,
1002186,,Willie,J,,Crawford,,,,,1963,,,2015,,
1002187,,Willie,James,,Crawford,,,,,1941,,,2018,,
1002188,,Laura,,Falk,Crum,,,,,1866,23,Oct,1926,,
1002189,,Mary,,,Crum,,,,,1902,5,Dec,1925,,
1002190,,Emma,Lou,,Cummings,,,,,1922,,,1987,,
1002191,,A,,,Daniels,,,,,,20,Jul,,,
1002192,,Isah,,,Daniels,,,,,1863,,,1949,,
1002193,,Leola,,Geter,Daniels,,,18,Oct,1921,1,Jan,2004,,
1002194,,Chrishey,,,Davis,,,,,1956,,,2020,,
1002195,,Willie,Lou,,Davis,,,,,1908,9,Oct,1947,,
1002196,,Antwan,,,Durrett,,,,,2007,,,2007,,
1002197,,Dunbar,,,Evans,,,,Jan,,,,,,
1002198,Deacon,Samuel Moss,,,Evans,,,15,Aug,1883,14,Jun,1984,,
1002199,,Samuel,,,Evins,,,,,,,,,,
1002200,Elder,Callie,,,Fickling,Sr.,,31,May,1921,18,Sep,2009,,
1002201,,Calvin Fick,R,,Fickling,,,22,Aug,1940,24,Feb,2014,,
1002202,,Fannie,,Jeter,Fickling,,,29,Jun,1900,19,Jun,1931,,
1002203,,Fannie,Mae,Reeder,Fickling,,,27,Mar,1932,28,Apr,2024,,
1002204,,Gertrude,,Kemp,Fickling,,,22,Feb,1922,27,Nov,2022,,
1002205,,Johnnie,,,Fickling,,,,,1886,,,1990,,
1002206,,Mike,,,Fickling,,,28,Nov,1922,10,Dec,2009,,
1002207,,Ogretta,,Tyler,Fickling,,,26,Apr,1930,26,Mar,2013,,
1002208,,Otis Big O,,,Fickling,Jr.,,9,May,1939,1,Dec,1988,,
1002209,,Otis,,,Fickling,Sr.,,17,Jan,1918,18,Jan,1987,,
1002210,,Samuel,,,Fickling,,,,,,,,,,
1002211,,Augusta,,,Ford,,,,,,26,Mar,1943,,
1002212,,Eullar,,,Forsyth,,,,,1920,,,2005,,
1002213,,Edith,,Rice,Free,,,,,1854,3,May,1930,,
1002214,,Joe,,,Free,,,,,1863,16,May,1928,,
1002215,,Gwendolyn,,Greene,Funches,,,20,May,1957,20,Feb,2014,,
1002216,,Daniel,D,,Geter,,,,Jan,1862,3,Mar,1933,,
1002217,,Inabel,W,,Geter,,,,,1929,,,1990,,
1002218,,Marie,,Atterbury,Geter,,,,,1867,10,Sep,1945,,
1002219,,Queenie,Esther,Rice,Geter,,,17,Apr,1885,31,May,1980,,
1002220,,John,,,Gloster,,,,,,6,Mar,1959,,
1002221,,Rosa,,,Gloster,,,1,Jun,1912,9,Apr,1932,,
1002222,,Christine,,,Glover,,,,,1912,,,1984,,
1002223,,George,,,Glover,,,,,1928,,,1983,,
1002224,,Joe,,,Glover,,,27,Jul,1868,1,Feb,1944,,
1002225,,Joseph,,,Glover,,,15,Aug,1939,18,Feb,1940,,
1002226,,Mary,,Hutto,Glover,,,13,Jun,1882,16,Apr,1948,,
1002227,,Vertell,,,Glover,,,,,1935,,,2005,,
1002228,,Ida,Ruth,,Graham,,,,,,27,Aug,2011,,
1002229,,Mozell,,,Gray,,,16,Sep,1917,3,Feb,1971,,
1002230,,Josephine,,Adams,Guess,,,,Apr,1852,13,May,1926,,
1002231,,Maglen,O,,Hartwell,,,,,1910,,,1985,,
1002232,,Timothy,,,Hartwell,,,,,1914,,,1977,,
1002233,,Hattie,Mae,,Hick,,,,,1921,,,2020,,
1002234,,Dosher,,Smalls,Hicks,,,18,Sep,1883,26,Sep,1954,,
1002235,,Ernest,,,Hicks,,,5,Jul,1922,26,Nov,1998,,
1002236,,Lovant,,,Hicks,,,30,May,1877,25,Apr,1957,,
1002237,,Lula Dowling,Rebecca,,Hicks,,,23,Jun,1914,17,Nov,1995,,
1002238,,Willie,Leon,,Hicks,,,14,Feb,1911,5,Feb,1987,,
1002239,,Wilton,,,Hicks,,,23,Aug,1913,28,Dec,1995,,
1002240,,Fossie,,,Hightower,,,4,Dec,1910,22,Apr,1999,,
1002241,,Rosa,,Brabham,Hightower,,,18,Jan,1917,12,Jan,1976,,
1002242,,Viola,,Romeo,Hightower,,,,,1885,16,Aug,1946,,
1002243,,Hattie,,Wroten,Hudson,,,22,Jul,1936,16,Oct,1995,,
1002244,,Willard,,,Hudson,,,,,1940,,,2015,,
1002245,,Willard,,,Hudson,Jr.,,9,Nov,1971,15,Jun,1996,,
1002246,,Abraham,,,Hutto,,,19,Oct,1920,29,Jul,1926,,
1002247,,Abram,,,Hutto,,,,,1843,24,Sep,1919,,
1002248,,Earthide,,,Hutto,,,,,1933,4,Jan,1934,,
1002249,,Eva,,Kemp,Hutto,,,,Mar,1889,17,Sep,1921,,
1002250,,George,,,Hutto,,,19,Dec,1929,8,Jun,1996,,
1002251,,Gilbert,,,Hutto,,,13,Aug,1891,27,Oct,1956,,
1002252,,Henry,,,Hutto,,,12,Nov,1946,9,Feb,1947,,
1002253,,John,,,Hutto,,,12,Mar,1873,29,Aug,1930,,
1002254,,John,,,Hutto,Jr.,,17,Aug,1912,13,Aug,1989,,
1002255,,Agnes,,,Jeter,,,10,Nov,1896,8,Jan,1966,,
1002256,,Clay,,,Jeter,,,25,Aug,1919,25,Oct,1919,,
1002257,,Corine,,Kemp,Jeter,,,,,1897,29,Jul,1928,,
1002258,,Davis,,,Jeter,,,6,Jan,1864,25,Jul,1934,,
1002259,,Solomon,,,Jeter,,,9,Oct,1890,7,Jan,1974,,
1002260,,Gertrude,,,Johnson,,,,,1908,,,2009,,
1002261,,Horace,,,Johnson,,,,,1912,,,1985,,
1002262,,James,,,Johnson,,,,,1917,,,2005,,
1002263,,Ola,Mae,,Johnson,,,5,Mar,1926,6,Jul,2002,,
1002264,,Richard,M,,Johnson,,,1,Mar,1956,26,Apr,2019,,
1002265,,Cal,,,Jones,Jr.,,,,1926,,,2009,,
1002266,,Gallie,,,Jones,,,24,Oct,1928,28,Sep,1971,,
1002267,,Hattie,,Hicks,Jones,,,20,May,1900,29,Sep,1994,,
1002268,,Jessie,,,Jones,Jr.,,17,Dec,1949,3,Dec,1974,,
1002269,,Leray,,,Jones,,,,,1952,,,2018,,
1002270,,Willie,,,Jones,,,,,1931,,,1994,,
1002271,,Issac,,,Kemp,,,,Jan,1860,10,Dec,1924,,
1002272,,Jenco,,,Kemp,,,14,Dec,1904,9,Sep,1921,,
1002273,,Robert,,,Kemp,,,,Jul,1891,25,Aug,1922,,
1002274,,Vernell,,,Kemp,,,25,Feb,1923,24,Mar,1926,,
1002275,,Annie,Ruth,,Kennedy,,,,,1935,,,2011,,
1002276,,Charles,,,Kennedy,,,,,1930,,,2007,,
1002277,,Charles,Ford,,Kennedy,,,,,,,,,,
1002278,,Clarence,E,,Kennedy,,,,Oct,1936,,Sep,2017,,
1002279,,Clarkie,B,,Kennedy,,,,Feb,1906,,,,,
1002280,,George,,,Kennedy,,,,,,22,Oct,1957,,
1002281,,Jacob,D,,Kennedy,,,7,May,1895,21,Sep,1940,,
1002282,,James,Daniel,,Kennedy,,,29,May,1927,27,Jun,1987,,
1002283,,Japhine,,,Kennedy,,,19,Sep,1940,,,2012,,
1002284,,Oscar,,,Kennedy,,,6,Mar,1900,17,Feb,1954,,
1002285,,Ruby,Dell,Free,Kennedy,,,21,Nov,1921,29,Jun,1996,,
1002286,,Samuel,,,Kennedy,,,6,Jun,1892,16,Jan,1971,,
1002287,,Annie,,,Lloyd,,,12,May,1887,20,Feb,1967,,
1002288,,Wilbert,,,Moody,,,,,1968,,,2020,,
1002289,,Booker,T,,Moore,,,,,1922,,,1979,,
1002290,,Cornelia,N,,Moore,,,,,1910,,,2008,,
1002291,,George,H,,Moore,,,,,1928,,,1996,,
1002292,,Henry,,,Moore,,,,,1897,,,1975,,
1002293,,Georgian,,Rice,Motts,,,,,1863,29,Apr,1917,,
1002294,,Lucia,Mae,,Nimmons,,,10,Aug,1937,18,Apr,2018,,
1002295,,Oscar,,,Nimmons,,,,,,,,,,
1002296,,Rebecca,,Kennedy,Nimmons,,,,,,17,Dec,1936,,
1002297,,Robert,D,,Nimmons,,,13,Jun,1945,26,Jan,1985,,
1002298,,Sigmond,,,Nimmons,,,11,Nov,1912,9,Jul,1950,,
1002299,,Wilmon,Ulysses,,Nimmons,,,18,May,1916,27,Apr,1969,,
1002300,,Carrie,,Edwards,Odom,,,,,1881,,,1960,,
1002301,,Clary,,,Odom,,,,,1938,,,1988,,
1002302,,Ethel,,,Odom,,,,Sep,1884,,May,1958,,
1002303,,Florrie,,Rice,Odom,,,12,Feb,1900,14,Mar,1958,,
1002304,,Gray,,,Odom,,,20,Dec,1919,19,Dec,1952,,
1002305,,Hattie,,Steward,Odom,,,,,1902,31,Oct,1998,,
1002306,,Henry,,,Odom,,,2,Feb,1928,20,Dec,1953,,
1002307,,Jim,,,Odom,,,23,May,1915,25,Oct,1999,,
1002308,,John,L,,Odom,,,,,1954,,,1989,,
1002309,,John,W,,Odom,,,28,Aug,1934,11,Aug,1971,,
1002310,,Josephine,,,Odom,,,28,Nov,1865,11,Jan,1949,,
1002311,,Malechi,,,Odom,,,,Sep,,,,,,
1002312,,Nettie,,Moody,Odom,,,22,Dec,1944,14,Dec,2009,,
1002313,,Ora,Lee,,Odom,,,,,1926,,,1979,,
1002314,,Philip,,,Odom,,,,,1921,31,May,1929,,
1002315,,Ruth,,Hutto,Odom,,,17,Oct,1924,13,Mar,1989,,
1002316,,Sylestine,,,Odom,,,,,1942,,,2010,,
1002317,,William Bub,,,Odom,,,,,1885,,,1960,,
1002318,,Willie,,,Odom,,,,,1910,,,,,
1002319,,Olar,Mae,Rice,Parker,,,18,Oct,1925,29,Aug,1952,,
1002320,,Hattie,H,,Paul,,,8,Mar,1908,25,Jun,1974,,
1002321,,Aaron,,,Pratcher,,,,,1946,,,1980,,
1002322,,Modestine,,Franklin,Preacher,,,14,Feb,,23,Dec,1998,,
1002323,,Robert,,,Pretchet,,,,,,,,,,
1002324,,Josh,,,Pritchert,Jr.,,,,1944,,,1994,,
1002325,,Alphonso,,,Ray,,,,,1956,,,1997,,
1002326,,Bessie,,Kemp,Ray,,,,,1900,3,Mar,1927,,
1002327,,Edward,,,Ray,,,,,1960,,,2013,,
1002328,,Eullie,L,,Ray,,,,,1926,,,2008,,
1002329,,Lucius,B,,Ray,,,,,1899,,,1991,,
1002330,,Napoleon,,,Ray,,,13,Jul,1919,17,Jun,2001,,
1002331,,Susie,J,,Ray,,,,,1914,,,2012,,
1002332,,Charles,Henry,,Raysor,,,,,1928,19,Jun,2014,,
1002333,,Jessie,Mae,Chisolm,Rhodes,,,22,Jun,1928,13,Nov,2012,,
1002334,,Boisey,,,Rice,,,10,May,1896,27,Apr,1966,,
1002335,,Boston,,,Rice,,,,Aug,1863,25,Jul,1949,,
1002336,,Bryant,,,Rice,,,,,1875,11,Jul,1943,,
1002337,,Charlotte,,Taylor,Rice,,,,,1830,9,Nov,1916,,
1002338,,Ellen,,Hicks,Rice,,,28,Oct,1905,27,Sep,1980,,
1002339,,Ethel,,Glover,Rice,,,,,1904,29,Sep,1944,,
1002340,,Eugene,,,Rice,,,1,Oct,1931,14,Mar,1932,,
1002341,,Gestine,,,Rice,,,30,Apr,1934,30,Aug,1937,,
1002342,,Glennise Glennie,,Holman,Rice,,,28,Oct,1895,11,Jun,1964,,
1002343,,Harry,R,,Rice,,,30,Nov,1935,24,Jun,1936,,
1002344,,Henry,,,Rice,,,20,May,1884,10,May,1936,,
1002345,,Herman,,,Rice,,,16,Aug,1922,5,Aug,1936,,
1002346,,Infant,Son,,Rice,,,24,Oct,1917,7,Nov,1917,,
1002347,,James,,,Rice,,,3,May,1916,23,May,1918,,
1002348,,Jannie,,Ray,Rice,,,,,1907,15,Apr,1934,,
1002349,,Jerod,,,Rice,,,30,Aug,1938,3,Jul,2010,,
1002350,,John,Davis,,Rice,,,10,Mar,1916,26,Sep,1931,,
1002351,,Johnie,,,Rice,,,25,Aug,1928,24,Dec,1928,,
1002352,,Kenneth,Vega,,Rice,,,,,1991,,,2015,,
1002353,,Ora,,,Rice,,,,,1900,2,Jun,1919,,
1002354,,Peggy,,,Rice,,,,,1851,11,Apr,1921,,
1002355,,President,,,Rice,,,,,,18,Feb,2012,,
1002356,,Rebecca,,Milledge,Rice,,,,,1875,3,Apr,1939,,
1002357,,Rebecca,,,Rice,,,15,May,1922,14,Jul,1931,,
1002358,,Willie Crack,,,Rice,,,7,Jan,1902,23,Jul,1970,,
1002359,,Willie,,,Rice,Jr.,,,,1931,,,1975,,
1002360,,Willie,James,,Rice,,,,,1953,,,1979,,
1002361,,Wyman,,,Rice,,,27,Jan,1919,16,May,1919,,
1002362,,Zola,Bell,Nimmons,Robinson,,,31,May,1940,6,Aug,1998,,
1002363,,Flora,,Kennedy,Rodgers,,,10,Sep,1933,30,Sep,1981,,
1002364,,Charles Charlie,,,Romeo,,,,Mar,1893,1,Nov,1918,,
1002365,,Unnamed,,,Romeo,,,30,Mar,1925,1,Apr,1925,,
1002366,,Washington Wash,,,Romeo,,,,Apr,1859,20,Nov,1924,,
1002367,,Eartha,Lee,,Roundtree,,,,,1942,,,2007,,
1002368,,Goings,,,Roundtree,,,,,1939,,,2019,,
1002369,,Jake,,,Rufe,,,,,1904,,,1956,,
1002370,,Abraham,,,Sanders,,,,,1915,,,1981,,
1002371,,Elzona,T,,Sanders,,,16,Jun,1899,30,Oct,1972,,
1002372,,Henry,,,Sanders,,,27,Jun,1897,2,Jul,1964,,
1002373,,John,E,,Sanders,,,3,Oct,1944,24,Feb,1999,,
1002374,,Leroy,,,Sanders,,,7,Feb,1936,30,Aug,2003,,
1002375,,Martha,,Rice,Sanders,,,,,1877,23,Nov,1922,,
1002376,,Ora,Lee,Nimmons,Sanders,,,16,Dec,1906,8,Apr,1988,,
1002377,,Rebella,R,,Sanders,,,,,1918,,,1985,,
1002378,,Samuel,,,Sanders,,,7,Nov,1896,7,Feb,1959,,
1002379,,Eartha,,,Smalls,,,,,1927,,,2008,,
1002380,,Sammie,,,Smalls,,,,,1897,,,1987,,
1002381,,Albert,,,Steward,Sr.,,,,1912,,,1998,,
1002382,,Charles,E,,Steward,,,4,Sep,1938,16,Dec,1984,,
1002383,,Eddie,O,,Steward,,,,,1887,,,1952,,
1002384,,Ellen,Elizabeth,Odom,Steward,,,30,Nov,1925,3,Jan,2008,,
1002385,,Marie,S,,Steward,,,,,1925,,,2012,,
1002386,,Sam,,,Steward,,,30,Aug,1870,13,Oct,1955,,
1002387,,Rosalee,,Odom,Stukes,,,,,1890,14,May,1931,,
1002388,,Martha,,,Swab,,,,,,1,Jun,1943,,
1002389,,Hattie,,,Thomas,,,,,,21,Jan,,,
1002390,,Callie,B,,Torney,,,,,1931,,,2015,,
1002391,,Mary,H,,Tukes,,,9,May,1898,8,Jul,1958,,
1002392,,Jim,,,Turner,,,,,1870,2,Jan,1955,,
1002393,,Darryl,Fossie,,Tyler,,,22,Nov,1958,7,Jun,2001,,
1002394,,Ella,,Daniels,Tyler,,,,,,8,Jan,1943,,
1002395,,Ernest,,,Tyler,,,,,,12,Jan,2010,,
1002396,,Glenn,Harvester,,Tyler,,,27,Sep,1959,20,Apr,2016,,
1002397,,Lusher,,Hightower,Tyler,,,11,Sep,1936,20,Jan,2008,,
1002398,,Robin,,,Tyler,,,,,1962,,,2018,,
1002399,,Geneva,,,Walker,,,,,1918,,,1988,,
1002400,,Nyesha,A,,Walker,,,5,Apr,2000,11,Aug,2012,,
1002401,,Isakiah,,,Washington,,,6,May,1888,28,Jun,1961,,
1002402,,Joyce,,,Washington,,,,,1963,,,2010,,
1002403,,Reather,,,Washington,,,,,1916,,,2008,,
1002404,,Samella,,,Washington,,,,,1938,,,2018,,
1002405,,Savannah,,Rice,Watson,,,,,1899,22,Mar,1938,,
1002406,,Archie,O,,Williams,,,,,1911,,,1992,,
1002407,,Archie Archie,O'Darnell,,Williams,Jr.,,31,Aug,1945,20,Dec,2010,,
1002408,,Clara,,,Williams,,,,,1916,,,1990,,
1002409,,Gary,Steven,,Williams,,,21,Oct,1966,13,Sep,1992,,
1002410,,Hattie,L,,Williams,,,,,1918,,,1984,,
1002411,,James,E,,Williams,,,26,Jun,1940,9,Mar,2000,,
1002412,,Maggie,Lee,,Williams,,,11,Jul,1938,24,Jan,2025,,
1002413,,Orrie,Bell,,Williams,,,20,Sep,1893,2,Mar,1966,,
1002414,,Callie,B,,Wright,,,,,1907,,,1993,,
1002415,,Carrie,Ester,Hutto,Wright,,,12,Dec,1879,6,Jun,1960,,
1002416,,Clayretta,H,,Wright,,,,,1944,,,1997,,
1002417,,James,,,Wright,,,17,Jan,1877,16,Sep,1951,,
1002418,,Lucius,S,,Wright,,,,,1907,,,1992,,
1002419,,Nettie,,Jeter,Wright,,,28,Nov,1893,25,Oct,1967,,
1002420,,Albert,,,Wroten,,,,,1957,,,2005,,
1002421,,Annella,,,Wroten,,,,,1926,,,1984,,
1002422,,Frances,,,Wroten,,,,,1963,,,2011,,
1002423,,Henry,,,Wroten,,,,,1956,,,2018,,
1002424,,Jerod,,,Wroten,,,,,1955,,,1989,,
1002425,,Solomon,,,Wroten,Jr.,,,,1933,,,1992,,
1002426,,Moses,,,Zone,,,,,1908,2,Mar,1951,,
1002427,,Lucretia,,Kennedy,Zorn,,,,,1856,24,Jan,1942,,
1002428,,Rebecca,,Odom,Zorn,,,,,1873,16,Feb,1940,,