memorial_id,prefix,first_name,middle_name,maiden_name,last_name,suffix,veteran,birth_day,birth_month,birth_year,death_day,death_month,death_year,section,lot
210382275,,Eddie,,,Atterberry,,,16,Jun,1902,1,Oct,1945,,
210382352,,Henry,,,Atterberry,,,,,,,,,,
271989182,,Annie,,Parker,Banks,,,30,Nov,1933,29,Sep,2008,,
210382388,,Della,,,Banks,,,,,1872,21,Jun,1956,,
210382414,,Edgar,O,,Banks,,,,,1913,,,1995,,
215101561,,Florence,,,Banks,,,,,1892,,,1985,,
210382485,,Janie,T,,Banks,,,,,,,,,,
210382572,Rev,Leon,,,Banks,Sr.,,,,1908,,,1993,,
271989762,,Leroy,,,Banks,Sr.,,,,,14,Aug,1990,,
210382519,,Lessie,,,Banks,,,22,Sep,1928,18,Jun,1953,,
215101598,,Mary,,,Banks,,,,,1934,,,2007,,
210382463,,W,S,,Banks,,,9,Jun,1877,18,Oct,1918,,
210382634,,Elbertha,,,Bellinger,,,15,Mar,1886,11,Jun,1949,,
210405639,,Willie,James,,Bellinger,,,20,Nov,1916,2,Dec,1943,,
210382700,,Janie,Lou,Odom,Brooks,,,21,Jul,1935,18,Oct,2014,,
210382728,,Odessa,,,Brooks,,,,,1953,,,1993,,
210382763,,Annie,Ruth,,Broxton,,,,,1929,,,2003,,
210382800,,Jestine,,,Broxton,,,23,Jul,1943,20,Oct,2005,,
276217358,,Vonesta,,,Broxton,,,6,Dec,1971,6,Feb,1972,,
215119731,,Bessie,Mae,H.,Chisholm,,,,,1922,,,1977,,
215119758,,Calvin,,,Chisholm,,,,,1962,,,2007,,
215120219,,Ella,Mae,,Chisholm,,,,,1939,,,1994,,
201510543,,George,,,Chisholm,,,6,Sep,1947,4,May,2019,,
215120283,,Wonlee,,,Chisholm,,,,,1919,,,1985,,
46553897,,Melvin,,,Chisolm,,,8,Feb,1954,6,Jan,2010,,
215101670,,Henry,,,Clifton,,,,,1891,,,1963,,
215101629,,Isabell,,,Clifton,,,,,1886,,,1969,,
226138520,,Annie,Laura,,Cooley,,,15,Jan,1915,29,Jun,1991,,
175487811,,Albert,,,Crum,,,11,Jun,1957,12,Jun,1957,,
175488849,,Carrie,,Washington,Crum,,,,,1883,26,Feb,1923,,
175488035,,Elbert,,,Crum,,,30,Jun,1906,4,Nov,1956,,
215097422,,Elbert,Booster,,Crum,Jr.,,,,1937,,,2019,,
175489730,,Emma,,Hicks,Crum,,,,,1896,8,Mar,1950,,
175488119,,Freddie,,,Crum,,,5,Feb,1891,30,Aug,1959,,
175488202,,George,Henry,,Crum,,,18,Jun,1925,2,Jul,1961,,
175489182,,Lucille,,,Crum,,,,,1908,11,Dec,1926,,
175489582,,Maggie,,Glover,Crum,,,,,1878,25,Oct,1943,,
175489009,,William,,,Crum,,,7,Feb,1921,28,Aug,1924,,
215097479,,Estelle,,,Daniels,,,,Mar,1886,11,Aug,1961,,
119019459,,Clary,Ann,,Dickson,,,,,,12,Oct,2013,,
215120319,,Hanna,,,Dowling,,,,,,3,Sep,1902,,
210565032,,Marie,,Hightower,Dowling,,,,,1937,,,1986,,
215120390,,Nancy,,,Dowling,,,,,,23,Oct,1929,,
215120443,,S,O,,Dowling,,,,,,16,Jan,1910,,
210385368,Dr,Anthony,L,,Edwards,,,,,1956,,,2007,,
210385414,,Melvin,,,Edwards,,,,,1952,,,1996,,
210385469,,Pauline,,,Edwards,,,,,,,,1973,,
181808127,,Amelia,,Pinnaker,Faust,,,,,1876,29,Mar,1941,,
215120472,,Eliza,,,Faust,,,,,,,Jul,1948,,
181808079,,Joseph Joe,,,Faust,,,,Mar,1874,20,Sep,1942,,
215120670,,Learlene,,,Faust,,,2,May,1934,17,Aug,1994,,
240471043,,Leland,,,Faust,,,24,Aug,1895,25,Apr,1948,,
215120697,,Mattie,,,Faust,,,,,1905,,Nov,1988,,
240471122,,Raymond,,,Faust,,,9,Nov,1905,29,Nov,1966,,
215120628,,Sheldonia,,,Faust,,,17,Oct,1881,28,Apr,1902,,
39902032,,Guy,,,Folk,,,18,Jan,1896,4,Dec,1953,,
106413244,,Willie,Lee,,Folk,,,6,Sep,1971,7,Aug,2002,,
210385588,,Bertha,Lee,,Ford,,,25,Nov,1912,22,Jan,1996,,
210385629,,Charles,,,Ford,,,2,Feb,1942,8,Nov,1978,,
215097288,,Creoler,,,Ford,,,1,Jul,1918,31,Jul,1957,,
210385716,,Earl,Ellis,,Ford,,,14,Apr,1908,11,Aug,1983,,
210385867,,Henry,,,Ford,,,13,Aug,1935,5,Feb,1942,,
210385947,Deacon,Henry,,,Ford,,,23,Sep,1909,21,Mar,1952,,
210386004,,Herman,,,Ford,,,5,Jan,1915,7,Feb,1992,,
210385809,,Lige,,,Ford,,,7,Dec,1920,26,Dec,1920,,
210386054,,Maud,Lee,Watson,Ford,,,,,1881,27,Mar,1965,,
270073290,,Ned,,,Ford,Jr.,,,,1916,26,Dec,1926,,
210386110,Deacon,Ned,Jerry,,Ford,,,8,Mar,1880,20,Jul,1945,,
210386198,,Nehemiah,,,Ford,,,5,Jun,1892,1,Sep,1965,,
215097243,,Remell,,Odom,Franck,,,,,1910,,,1997,,
215097172,,Adell,,,Frazier,,,,,1953,,,1983,,
210593368,,Hattie,,,Free,,,,,,29,Mar,1916,,
43954701,,Essie Dee Dee,,,Garrett,,,24,Apr,1945,8,Aug,2009,,
210402911,,Eartha,M,,Gilbert,,,15,Jul,1943,28,Mar,1954,,
210402940,,Frances,,,Gilbert,,,1,Nov,1944,1,Nov,1944,,
270072593,,Mayfield,,,Gilbert,,,23,Jun,1905,17,May,1969,,
210402961,,Rebecca,,Thompson,Gilbert,,,6,Mar,1906,,Feb,1985,,
215101812,,Almeter,,,Gloster,,,,,1925,,,2009,,
215101770,,Willie,J,,Gloster,,,,,,,,1987,,
188505121,,Agnes,,,Glover,,,,,1919,3,Mar,1924,,
215101900,,Bertha,M,,Glover,,,,,1916,,,1994,,
210402983,,Booker,T,,Glover,,,,,1940,,,2010,,
210403007,,Elliott,,,Glover,,,,,1945,,,2014,,
134803310,,Elliott,,,Glover,,,,,,23,Jun,2014,,
215101868,,Elliott,,,Glover,,,,,1942,,,1990,,
188459931,,Elliott,,,Glover,,,29,Jul,1892,26,Jul,1941,,
188459988,,Harold,,,Glover,,,11,Oct,1912,24,Jun,1927,,
188460059,,James,,,Glover,,,,Jan,1915,20,Apr,1916,,
210403027,,Leroy,,,Glover,,,,,1943,,,1971,,
188535433,,Lydia,,,Glover,,,,,1919,18,Apr,1921,,
188483020,,Maggie,,,Glover,,,,,1878,25,Oct,1943,,
188505150,,Mamie,,,Glover,,,20,Mar,1921,23,May,1921,,
188460014,,Phan,Lee,,Glover,,,26,Nov,1925,26,Nov,1925,,
210403056,,Trevis,Arnell,,Glover,,,6,Jun,1967,14,May,1990,,
7391003,,Marilyn,R,Smith,Gonzalez,,,30,May,1947,8,Feb,2003,,
215142390,,Clarence,,,Goodwin,Sr.,,,,1917,,,1989,,
215142340,,Clarice,,,Goodwin,,,,,1918,,,2005,,
215142317,,Edith,,,Goodwin,,,,,1946,,,2008,,
215142291,,Hattie,Mae,,Goodwin,,,,,1934,,,2019,,
70883828,Rev,Clary Bobby,,,Green,,,20,Mar,1943,10,Mar,2011,,
215097073,,Mamie,,,Hamilton,,,,May,1897,23,Aug,1960,,
188628013,,May,Bill,Rice,Hampton,,,,,1897,4,May,1919,,
210403216,,Albert,,,Hicks,,,15,Sep,1894,7,Sep,1964,,
210403140,,Earnest,,,Hicks,,,3,Dec,1935,7,Apr,1968,,
210403161,,Isaac,,,Hicks,,,30,Sep,1932,20,Sep,1947,,
210403189,,Mattie,,,Hicks,,,13,Dec,1900,17,Sep,1972,,
210593410,,Abbie,,Graham,Hightower,,,,Jan,1850,21,Nov,1917,,
210593525,,Albert,,,Hightower,,,16,Sep,1932,9,Jul,1950,,
210406956,,Annie,Lee,Atterberry,Hightower,,,,May,1875,,Dec,1971,,
215020027,,Cage,,,Hightower,,,3,Jul,1924,9,Sep,1990,,
215020064,,Callie,Mae,,Hightower,,,16,May,1926,20,Aug,2007,,
215019618,,Child,,,Hightower,,,,,,,,,,
210407282,Mrs,Darlene,,,Hightower,,,5,Nov,1955,26,Oct,2012,,
215019396,,Eddie,,,Hightower,,,,,1863,10,Mar,1970,,
209107803,,Ella,Mae,,Hightower,,,6,Sep,1919,23,Jul,1921,,
209164557,,Elliott,,,Hightower,,,,,1893,5,Aug,1950,,
77287285,,Frank Little Bub,,,Hightower,,,31,Jul,1949,23,Sep,2011,,
190259370,,Idella,,,Hightower,,,,,1877,3,Apr,1943,,
208842733,,Israel,,,Hightower,,,,,1897,9,Dec,1958,,
210407113,,Jimmie,,,Hightower,,,,,1959,,,2011,,
208738527,,John,H,,Hightower,,,5,Mar,1896,12,Jun,1952,,
210407170,,Julius,,,Hightower,,,20,Oct,1928,30,Mar,1949,,
188648304,,Likey,,Folk,Hightower,,,,,1872,5,Apr,1952,,
210407214,,Louise,,,Hightower,,,,,1911,,,2000,,
209107925,,Loumaica,,Young,Hightower,,,,,1892,16,Jun,1930,,
210593667,,Lucious,,,Hightower,,,15,Apr,1882,14,Jul,1959,,
265953897,,Lucious,,,Hightower,Jr.,,2,Jan,1927,22,Jul,1968,,
215019550,,Lula,,Faust,Hightower,,,,,1884,,,1960,,
210593815,,Rosena,,,Hightower,,,,,1914,26,Nov,1915,,
210407354,,Sam,,,Hightower,,,16,Jun,1924,19,Oct,2001,,
215019691,,Unknown,,,Hightower,,,,,,,,,,
215020132,,Unknown,Three,,Hightower,,,,,,,,,,
215019747,,Unknown_2,,,Hightower,,,,,,,,,,
209129673,,Unnamed,,,Hightower,,,4,Nov,1961,4,Nov,1961,,
209129718,,Unnamed,,,Hightower,,,29,Dec,1959,29,Dec,1959,,
210407393,,Ella,Mae,,Hill,,,,,1946,,,2019,,
215101960,,Johnnie,,,Hill,,,1,Aug,1901,,,,,
215102038,,Willie,H,,Hill,,,,,1898,,,1965,,
188600753,,Carey,,,Holman,,,,Apr,1875,10,Jun,1924,,
208919362,,Eliza,,Hightower,Holman,,,,,1859,23,May,1924,,
208919610,,Jack,,,Holman,,,,Sep,1855,10,May,1931,,
188608818,,Emma,,Rice,Hughes,,,25,Mar,1879,25,Jan,1932,,
188587056,,Infant,Son,,Hutto,,,13,Apr,1915,20,Apr,1915,,
224655627,,Richardine,Islar,,Brooks,,,9,Aug,1941,16,Dec,2016,,
215102150,,Ethel,,Saxon,Jenkins,,,15,Feb,1923,31,Oct,2000,,
212484392,,Michael,,,Jenkins,Jr.,,1,Dec,1948,3,Mar,2017,,
215142192,,Abraham,,,Johnson,,,,,1955,,,1977,,
215142263,,Abraham,,,Johnson,Jr.,,27,May,1974,20,Nov,2002,,
210407434,,Earlene,,,Johnson,,,,,1943,,,2001,,
64874825,,Harold,Danyon,,Johnson,Sr.,,27,Feb,1953,14,Feb,1999,,
47558918,,Harry Chief,,,Johnson,Jr.,,17,May,1930,30,Jan,2010,,
210407472,,Harry,,,Johnson,Jr.,,,,1943,,,2001,,
215142143,,Johnnie,,,Johnson,,,22,Jul,1893,25,Nov,1947,,
215142038,,Perry,,,Johnson,Jr.,,,,1945,,,1966,,
215142010,,Teddy,,,Johnson,,,,,1948,,,2017,,
215141973,,Timeka,,,Johnson,,,,,1980,,,1983,,
215136746,,Clarence,,,Kennedy,,,23,Aug,1909,21,Sep,1981,,
215136787,,Clarence,,,Kennedy,II,,,,1947,,,1995,,
215136838,,Henry,,,Kennedy,,,15,Sep,1887,25,Feb,1962,,
215136871,,Isabella,,,Kennedy,,,,May,1891,,Nov,1978,,
210407507,,Charles,,,Kinsey,,,,,1951,,,2000,,
210407539,,Mamie,L,,Kinsey,,,,,1933,,,2007,,
215097004,,Marion,Junior,,Lee,,,16,Nov,1931,17,Oct,2006,,
210409847,,Mable,,,Lewis,,,6,Mar,1907,20,Apr,1967,,
210409883,,Anthony,,,Mack,,,,,1974,,,2006,,
215102387,,John,O,,Mack,,,,,1964,,,1985,,
215102471,,Xavier,,,Mack,,,,,1987,,,1987,,
210409925,,Juanita,,,Marshall,,,25,Jan,1920,21,Jun,1958,,
271972602,,Eartha,B,Dean,Martino,,,,,,7,Mar,2020,,
210409961,,George,E,,Mcmillan,,,,,1948,,,1971,,
210409993,,Helen,,,Mcmillan,,,,,1928,,,1993,,
210410009,,James,,,Mcmillan,,,,,1946,,,2005,,
210564061,,Eartha,Mae,Hightower,Middleton,,,4,Oct,1932,2,May,2018,,
210410036,,Lina,,,Middleton,,,,,1890,,,1946,,
116785407,,Lizzie,Ann,,Middleton,,,30,Mar,1957,6,Sep,2013,,
215096943,,Julia,Ann,,Miles,,,,,1958,,,2012,,
215102239,,Edna,J,,Milledge,,,,,1900,,,1988,,
15995324,,John,,,Milledge,,,6,May,1898,1,Nov,1946,,
210410077,,Patricia,Ann,,Millhouse,,,,,1958,,,1987,,
215102565,,Margaret,,,Mintz,,,,,1938,,,1984,,
215102522,,Michael,,,Mintz,,,,,1962,,,2005,,
215141740,,Charles,Jerome,,Moody,,,,,1946,,,1993,,
215141690,,Charlie,,,Moody,Jr.,,3,Jan,1914,7,Jun,1983,,
215141440,Rev,Charlie,,,Moody,Sr.,,25,Mar,1894,31,Jan,1981,,
215141856,,Eartha,,,Moody,,,,,1929,,,2005,,
215141911,,Eartha,Lee,,Moody,,,,,1918,,,1971,,
209164690,,Edie,,Pauls,Moody,,,,,,4,Mar,1943,,
210410102,,Frank,L,,Moody,,,,,1924,,,2015,,
210410136,,Harold,,,Moody,,,8,Sep,1960,4,Apr,2020,,
215141801,,James,L,,Moody,,,,,1945,,,2005,,
215141554,,John,,,Moody,,,,,1959,,,1986,,
210410168,,Larry,Lee,,Moody,,,,,1958,31,Aug,1980,,
210410194,,Leilia,Ruth,,Moody,,,,,1898,,,1977,,
215141648,,Leroy,,,Moody,,,11,Jun,1925,20,Nov,1947,,
215141507,,Ora,Lee,,Moody,,,5,Sep,1934,16,Sep,1945,,
266022954,,Queen_Ester,,Walker,Moody,,,7,Apr,1943,11,Feb,1974,,
219640187,,Vinson,,,Moody,Sr.,,13,Oct,1916,8,Jan,1988,,
215096877,,Kelvin,,,Myers,,,,,1958,,,2013,,
215141391,,Betty,,,Nelson,,,,,1918,,,1973,,
215141336,,Eula,Mae,,Nelson,,,,,1924,,,2018,,
215141292,,Joseph,,,Nelson,,,,,,,,1948,,
186882140,,Paul,,,Nelson,Jr.,,24,Jul,1944,18,Jan,2018,,
215141230,,Paul,,,Nelson,Sr.,,,,1919,,,2006,,
120148724,,Julia,Ann,Summers,Nettles,,,,,,24,Jun,2012,,
210410265,,Adell,C,,Nimmons,,,,,1942,,,2010,,
215137127,,Bessie,,,Nimmons,,,,,1939,,,2001,,
215141172,,Everlean,H,,Nimmons,,,,,1917,,,,,
215140993,,John,Henry,,Nimmons,,,,,1938,,,2006,,
215140959,,Leroy,,,Nimmons,,,,,1928,,,2002,,
215140907,,M,Pearl,,Nimmons,,,,,,,,,,
215137070,,Roger,,,Nimmons,,,,,1951,,,2001,,
215137043,,Sammie,,,Nimmons,,,,,1934,,,2016,,
213995493,,Arletha,,,Odom,,,,,,28,Jul,2020,,
210410322,,Ben,,,Odom,,,20,Dec,1863,18,Sep,1950,,
215136978,,Charley,,,Odom,,,8,Oct,1921,27,Feb,1992,,
215137009,,Joe,Willie,,Odom,,,,,1935,,,1984,,
215136931,,John,J,,Odom,,,,,,11,Nov,1958,,
49132999,,Malcolm,,,Odom,,,,,,28,Feb,2010,,
263391150,,Mary,,,Odom,,,,,,26,Apr,1959,,
188258104,,Benjamin Ben,,,Parler,,,,Mar,1878,5,May,1947,,
188258224,,Ester,Lee,,Parler,,,23,Feb,1908,25,Apr,1927,,
188258142,,Hannah,,Washington,Parler,,,26,Aug,1899,15,May,1957,,
210383778,,James,,,Parler,,,,,1912,,,1987,,
210383650,,Richard,,,Parler,,,6,Nov,1923,27,Dec,1923,,
188258184,,Ruth,,,Parler,,,,Oct,1931,23,Apr,1932,,
210412706,,Willie,James,,Pauls,,,15,Sep,1905,25,Apr,1971,,
210412733,,Jermaine,,,Prophet,,,,,1971,,,2005,,
210383529,,Idella,,Johnson,Ray,,,10,Mar,1881,12,Apr,1946,,
210383506,,Isreal,,,Ray,Sr.,,17,Jun,1880,19,Mar,1956,,
243777941,,Willie,,,Ray,,,17,Oct,1904,19,Jul,1930,,
210412768,,Janie,,Faust,Reed,,,,,1879,,,1952,,
210412805,,Josie,,Robinson,Reed,,,,,1928,,,1954,,
210412840,,Lige,,,Reed,,,18,Sep,1886,21,Feb,1970,,
158009310,,Sadie,Mae,Toomer,Reed,,,4,Jul,1933,24,Dec,2015,,
210412881,Deacon,Willie,Lee,,Reed,,,15,Apr,1928,15,Nov,2004,,
210412941,,Rice,,,Rice,,,,,,12,Jun,1917,,
188635326,,Adaline,,,Rice,,,4,Jun,1934,9,Mar,1957,,
215118315,,Adeline,,,Rice,,,3,Jun,1937,9,Mar,1957,,
188610092,,Albert,,,Rice,,,,,1914,25,Aug,1938,,
188636471,,Annie,Lee,,Rice,,,,,1902,25,Jul,1917,,
188608739,,Bill,,,Rice,,,,,1866,10,Dec,1933,,
188628029,,Docia,,,Rice,,,,,1871,2,Jan,1931,,
188636457,,Edna,,,Rice,,,,,1903,4,Nov,1918,,
188636535,,Edna,,,Rice,,,,,1908,6,Mar,1924,,
215118277,,Eliza,S,,Rice,,,15,Feb,1918,29,Feb,1964,,
188608720,,Elliott,,,Rice,,,,Apr,1884,13,Oct,1930,,
188611223,,Hattie,,Biniker,Rice,,,,,1888,25,May,1918,,
210412988,,Herman,,,Rice,Sr.,,,,1956,,,2002,,
188617105,,John,E,,Rice,,,,Aug,1941,7,Feb,1942,,
124452527,,Johnie,,,Rice,,,16,Feb,1918,7,May,1918,,
210413028,,Katherine,W,,Rice,,,,,,,,2014,,
188627987,,Liza,,,Rice,,,,,1840,1,May,1920,,
188635834,,Louberth,,,Rice,,,29,Mar,1941,9,Jul,1950,,
188636522,,Lucie,Mae,Washington,Rice,,,,,1922,12,Nov,1944,,
188636433,,Maggie,,Brown,Rice,,,,,1889,4,Jun,1948,,
210413073,,Maggie,B,,Rice,,,27,Jul,1874,2,Jun,1948,,
188627950,,Mary,Ford,Ford,Rice,,,,,1890,27,Jul,1930,,
188636439,,May,Belle,,Rice,,,,,1895,20,Dec,1917,,
188608746,,Owen,,,Rice,,,,Apr,1867,28,Jun,1932,,
188564855,,Sim,,,Rice,,,,Sep,1881,14,Oct,1951,,
188285706,,Gussella,,Hightower,Riley,,,18,Dec,1925,24,Sep,2002,,
215096833,,Henry,,,Riley,,,18,Sep,1931,13,Aug,1971,,
210413159,,Perstine,,,Riley,Jr.,,9,Jan,1948,8,Jan,2018,,
188284653,,Perstine,,,Riley,Sr.,,28,May,1924,7,Jan,1996,,
215118344,,Lillie,Mae,S,Rogers,,,,,1948,,,1987,,
215118374,,Roslyn,M,,Rogers,,,,,1969,,,2006,,
215119701,,Albert,,,Roney,,,,,1949,,,1996,,
215119687,,Frank,L,,Roney,,,,,1903,,,1995,,
215119667,,Joe,F,,Roney,,,12,Jun,1929,7,Apr,1952,,
210593904,,Bertha,,Hightower,Rowel,,,,,,25,Oct,1919,,
215096740,,Myrulla,,,Rules,,,,,1916,,,1980,,
210420508,,Eva,,,Sanders,,,,,1880,15,Apr,1946,,
210420584,,Mathew,W,,Sanders,,,2,Oct,1902,8,Aug,1934,,
243383291,,James,Hammond,,Sapp,,,18,May,1918,28,Nov,1996,,
215118436,,Lee,,,Saxton,,,,,,,,1907,,
208919473,,Ellen,,Hightower,Sheftall,,,,,1876,22,Apr,1932,,
210420782,,Lewis,,,Simmons,,,12,Apr,1848,10,Dec,1917,,
210421124,,Clifford,Earl,,Singleton,,,21,Apr,1933,8,Apr,2019,,
210420947,,Mildred,,Ford,Singleton,,,24,Jun,1933,28,May,2015,,
210421182,,Stobhan,N,,Singleton,,,,,1980,,,2002,,
99528229,,Isaac Ike,,,Smith,,,21,Jun,1945,18,Oct,2012,,
103835736,,Michael,Sheldon,,Smith,,,25,Oct,1968,7,Jan,2013,,
215118508,,Willie,Mae,,Smith,,,,,1925,,,1977,,
205492039,,Boyd,,,Staley,,,,,1901,13,May,1965,,
210421245,,Edith,P,,Staley,,,,,1909,,,1993,,
210421276,,Tremain,,,Stephens,Jr.,,23,Jun,2002,13,May,2020,,
192186778,,Sylvia,E,Moody,Steward,,,2,Feb,1883,20,Aug,1964,,
188303960,,Daniel Dan,,,Stukes,,,,,1871,23,Jul,1952,,
210421317,,Ida,,,Stukes,,,,,,31,Oct,1955,,
210421374,,Larry,D,,Suglok,,,,,1953,,,1983,,
71317430,,Edna,,Johnson,Talmadge,,,,,1908,22,Aug,1988,,
210421485,,Edna,P,,Taylor,,,,,1905,,,1973,,
210435422,,Alma,,Ford,Thomas,,,10,Dec,1916,19,Mar,1998,,
210435454,,Evelyn,P,,Thomas,,,,,1923,,,1999,,
210421420,,Alice,H,,Tyler,,,,,1962,,,2016,,
210784317,,Angus,,,Tyler,Jr.,,,,1928,4,Jun,1931,,
215097884,,Mattie Nikki,,Stokes,Tyler,,,18,Jul,1968,5,Jan,2018,,
215119608,,Alzena,R,Hightower,Walker,,,,,1909,,,1978,,
215119505,,Ben,,,Walker,,,,,1945,,,1974,,
215119481,,David,,,Walker,,,,,1909,,,1978,,
266024260,,Nanzell,,,Walker,,,,,1941,18,Apr,1959,,
188608836,,Charity,,Rice,Walton,,,,,1862,25,Feb,1919,,
210435482,,Andrew,,,Washington,,,20,May,1913,21,Feb,1953,,
210435510,,Bernice,B,,Washington,,,,,1912,,,1986,,
108360536,,Betty,Ruth,Hart,Washington,,,30,Aug,1942,16,Mar,2005,,
210435551,,Buster,,,Washington,,,14,Jun,1910,22,Aug,1962,,
215119325,,Carrie,Belle,Dowling,Washington,,,22,Oct,1883,2,Sep,1925,,
210437712,,Edgar,,,Washington,,,,,1900,,,1930,,
215119304,Rev,Elijah,W,,Washington,Sr.,,30,May,1876,23,Feb,1968,,
210437744,,Emma,,,Washington,,,,,,,,,,
210437766,,James,,,Washington,,,,,1904,,,1985,,
210437854,,James,,,Washington,Jr.,,,,1942,,,1976,,
215119271,,James,R,,Washington,,,5,Jan,1905,21,Nov,1951,,
210437811,,Junior,,,Washington,,,,,,,,,,
210437937,,Mamie,,,Washington,,,3,Jan,1887,30,Dec,1962,,
210437932,,Mamie,,,Washington,,,3,Jan,1887,30,Dec,1962,,
210437889,,Martha,,,Washington,,,,,1899,,,1981,,
210437963,,Ola,W,,Washington,,,,,1915,,,1992,,
210435682,,Artlee,,,Watson,,,,,1880,31,Mar,1960,,
190259694,,Carrie,,Hightower,Watson,,,,,1889,3,Mar,1949,,
210436036,,Henry,,,Watson,,,,,1918,,,1977,,
210436084,,John,,,Watson,Sr.,,,,,,Apr,1899,,
210436110,,John,West,,Watson,Jr.,,9,Sep,1886,7,Mar,1952,,
210435572,,Dewy,,,Wiggins,,,,,,,,1974,,
214854925,,Jackson Jack,,,Wiggins,Jr.,,,,1880,,,1918,,
210435600,,Jackson,H,,Wiggins,,,1,Aug,1838,8,Aug,1934,,
210435621,,Maime,B,,Wiggins,,,18,Feb,1876,10,Feb,1932,,
210442821,,Algloria,,,Williams,,,,,1907,,,1976,,
215119446,,Angus,,,Williams,,,25,Dec,1918,25,Aug,2002,,
215119374,,Caretha,,,Williams,,,13,May,1929,,,,,
215119409,,Cornelia,,,Williams,,,,,,18,Feb,1949,,
210442794,,Evelyn,,Ford,Williams,,,15,Dec,1912,4,Mar,2002,,
210442748,,Geneva,M,,Williams,,,,,1921,,,1983,,
210442723,,Gussie,K,,Williams,,,15,Mar,1888,29,Sep,1962,,
210442674,,Hercules,,,Williams,Jr.,,,,1938,,,1990,,
235616197,,Lou,Ann,,Williams,,,,,,12,Dec,2021,,
215119353,,R,L,,Williams,,,3,Apr,1928,11,Mar,1965,,
210442646,,Rosa,Lee,,Williams,,,25,Jul,1917,22,Jan,1969,,
275732680,,Zelma,R,White,Williams,,,17,Feb,1946,26,Jun,2009,,
210435403,,Linda,,,Wise,,,,,1951,,,2008,,
210435382,,Louis,,,Wise,,,,,1978,,,2018,,
210383013,,Randell,Zyavian,,Wise,,,,,2009,,,2009,,
210382969,,Annie,,,Wroten,,,,,1932,,,2012,,
215096675,,Queen,Esther,,Wroten,,,,,1921,,,1995,,
210382937,,Lillie,Mae,,Young,,,,,1920,,,1961,,
210382904,,Lucia,Mae,,Young,,,,,1923,,,1951,,
